{"errors":[],"warnings":[],"namedChunkGroups":{"app":{"chunks":[4,3,0],"assets":["webpack-runtime-aecc320e2017644eea17.js","webpack-runtime-aecc320e2017644eea17.js.map","framework-f5d429fb50ef451f0c39.js","framework-f5d429fb50ef451f0c39.js.map","app-d409a6542bffb0bd2878.js","app-d409a6542bffb0bd2878.js.map"],"children":{},"childAssets":{}},"component---node-modules-gatsby-plugin-offline-app-shell-js":{"chunks":[1],"assets":["component---node-modules-gatsby-plugin-offline-app-shell-js-9c6e430e83a9c7ae5763.js","component---node-modules-gatsby-plugin-offline-app-shell-js-9c6e430e83a9c7ae5763.js.map"],"children":{},"childAssets":{}},"component---node-modules-lekoarts-gatsby-theme-cara-src-templates-cara-tsx":{"chunks":[2],"assets":["component---node-modules-lekoarts-gatsby-theme-cara-src-templates-cara-tsx-c5fa7a6277f9a65a7b9e.js","component---node-modules-lekoarts-gatsby-theme-cara-src-templates-cara-tsx-c5fa7a6277f9a65a7b9e.js.map"],"children":{},"childAssets":{}}},"assetsByChunkName":{"app":["webpack-runtime-aecc320e2017644eea17.js","framework-f5d429fb50ef451f0c39.js","app-d409a6542bffb0bd2878.js"],"component---node-modules-gatsby-plugin-offline-app-shell-js":["component---node-modules-gatsby-plugin-offline-app-shell-js-9c6e430e83a9c7ae5763.js"],"component---node-modules-lekoarts-gatsby-theme-cara-src-templates-cara-tsx":["component---node-modules-lekoarts-gatsby-theme-cara-src-templates-cara-tsx-c5fa7a6277f9a65a7b9e.js"]}}